waypoint_name,x_position,y_position,classification
S,0,0,start
T,20,20,target
0,10.097532965958662,16.822870131145002,obstacle
1,9.21811269465205,12.277586840630125,obstacle
2,10.202015857698598,6.7851370652841645,obstacle
3,10.149445124667478,13.565442731883833,obstacle
4,13.973828444786,15.382853589613738,obstacle
